area,bedrooms,bathrooms,stories,mainroad,guestroom,basement,hotwaterheating,airconditioning,parking,prefarea,log_price,log_area,total_rooms,area_per_room,log_area_per_room,rooms_to_story_ratio,lusury_pack,fully_featured,no_parking,furnishingstatus_furnished,furnishingstatus_semi-furnished,furnishingstatus_unfurnished
7420,4,2,3,1,0,0,0,1,2,1,16.40327466837995,8.912069097970134,6,1236.6666666666667,1.485344849661689,2.0,0,0,0,1,0,0
8960,4,4,4,1,0,0,0,1,3,0,16.32103657658766,9.10063710688422,8,1120.0,1.1375796383605274,2.0,0,0,0,1,0,0
9960,3,2,2,1,0,1,0,0,2,1,16.32103657658766,9.206432747145165,5,1992.0,1.841286549429033,2.5,0,0,0,0,1,0
7500,4,2,2,1,0,1,0,1,3,1,16.31817534454053,8.922791623969637,6,1250.0,1.4871319373282728,3.0,0,0,0,1,0,0
7420,4,1,2,1,1,1,0,1,2,0,16.250000809480674,8.912069097970134,5,1484.0,1.782413819594027,2.5,0,1,0,1,0,0
7500,3,3,1,1,0,1,0,1,2,1,16.19967573011664,8.922791623969637,6,1250.0,1.4871319373282728,6.0,0,0,0,0,1,0
8580,4,3,4,1,0,0,0,1,2,1,16.132984361974234,9.057305735807121,7,1225.7142857142858,1.2939008194010173,1.75,0,0,0,0,1,0
16200,5,3,2,1,0,0,0,0,0,0,16.132984361974234,9.692828247710418,8,2025.0,1.2116035309638022,4.0,0,0,1,0,0,1
8100,4,1,2,1,1,1,0,1,2,1,16.105010512726782,8.999742789830492,5,1620.0,1.7999485579660983,2.5,0,1,0,1,0,0
5750,3,2,4,1,1,0,0,1,1,1,16.097893045681612,8.657129031713755,5,1150.0,1.731425806342751,1.25,0,0,0,0,0,1
13200,3,1,2,1,0,1,0,1,2,1,16.097893045681612,9.488047863280759,4,3300.0,2.3720119658201897,2.0,0,0,0,1,0,0
6000,4,3,2,1,1,1,1,0,2,0,16.085675862997316,8.699681400989514,7,857.1428571428571,1.2428116287127877,3.5,0,0,0,0,1,0
6550,4,2,2,1,0,0,0,1,1,1,16.04659975666463,8.787372988731876,6,1091.6666666666667,1.464562164788646,3.0,0,0,0,0,1,0
3500,4,2,2,1,0,0,1,0,2,0,16.039052551842968,8.160803920954665,6,583.3333333333334,1.3601339868257776,3.0,0,0,0,1,0,0
7800,3,2,2,1,0,0,0,0,0,1,16.039052551842968,8.962007209588313,5,1560.0,1.7924014419176626,2.5,0,0,1,0,1,0
6000,4,1,2,1,0,1,0,0,2,0,16.02378508137718,8.699681400989514,5,1200.0,1.7399362801979028,2.5,0,0,0,0,1,0
6600,4,2,2,1,1,1,0,1,1,1,16.02378508137718,8.79497643168877,6,1100.0,1.4658294052814618,3.0,0,1,0,0,0,1
8500,3,2,4,1,0,0,0,1,2,0,16.00828089655825,9.04793908261736,5,1700.0,1.809587816523472,1.25,0,0,0,1,0,0
4600,3,2,2,1,1,0,0,1,2,0,16.00043771997602,8.434028950155469,5,920.0,1.6868057900310938,2.5,0,0,0,1,0,0
6420,3,2,2,1,0,0,0,1,1,1,15.996492942129612,8.76732914779405,5,1284.0,1.75346582955881,2.5,0,0,0,0,1,0
4320,3,1,2,1,0,1,1,0,2,0,15.984564372619506,8.371242135931933,4,1080.0,2.0928105339829832,2.0,0,0,0,0,1,0
7155,3,2,1,1,1,1,0,1,2,0,15.976532201843899,8.87570644462861,5,1431.0,1.775141288925722,5.0,0,1,0,0,0,1
8050,3,1,1,1,1,1,0,1,1,0,15.97249179277332,8.993551586299981,4,2012.5,2.2483878965749953,4.0,0,1,0,1,0,0
4560,3,2,2,1,1,1,0,1,1,0,15.97249179277332,8.4252971767117,5,912.0,1.68505943534234,2.5,0,1,0,1,0,0
8800,3,2,2,1,0,0,0,1,2,0,15.964361667634346,9.082620630373812,5,1760.0,1.8165241260747624,2.5,0,0,0,1,0,0
6540,4,2,2,1,1,1,0,1,2,1,15.960271682860764,8.785845337961213,6,1090.0,1.4643075563268688,3.0,0,1,0,1,0,0
6000,3,2,4,1,1,1,0,1,0,1,15.951214396813645,8.699681400989514,5,1200.0,1.7399362801979028,1.25,0,1,1,0,1,0
8875,3,1,1,1,0,0,0,0,1,0,15.943742382861155,9.091106284052485,4,2218.75,2.272776571013121,4.0,0,0,0,0,1,0
7950,5,2,2,1,0,1,1,0,2,0,15.943742382861155,8.981052985901483,7,1135.7142857142858,1.2830075694144976,3.5,0,0,0,0,0,1
5500,4,2,2,1,0,1,0,1,1,1,15.943742382861155,8.612685172875459,6,916.6666666666666,1.4354475288125765,3.0,0,0,0,0,1,0
7475,3,2,4,1,0,0,0,1,2,0,15.943742382861155,8.919453168575453,5,1495.0,1.7838906337150906,1.25,0,0,0,0,0,1
7000,3,1,4,1,0,0,0,1,2,0,15.943742382861155,8.853808274977197,4,1750.0,2.2134520687442993,1.0,0,0,0,0,1,0
4880,4,2,2,1,0,0,0,1,1,1,15.931163602161226,8.493105395887147,6,813.3333333333334,1.4155175659811912,3.0,0,0,0,1,0,0
5960,3,3,2,1,1,1,0,0,1,0,15.918424577929366,8.692993531219926,6,993.3333333333334,1.448832255203321,3.0,0,0,0,0,0,1
6840,5,1,2,1,1,1,0,1,1,0,15.909840835290563,8.830689198760998,6,1140.0,1.4717815331268331,3.0,0,1,0,1,0,0
7000,3,2,4,1,0,0,0,1,2,0,15.905018884112332,8.853808274977197,5,1400.0,1.7707616549954395,1.25,0,0,0,1,0,0
7482,3,2,3,1,0,0,1,0,1,1,15.900312830217915,8.920389060080359,5,1496.4,1.7840778120160716,1.6666666666666667,0,0,0,1,0,0
9000,4,2,4,1,0,0,0,1,2,0,15.892449094739266,9.105090961257085,6,1500.0,1.5175151602095143,1.5,0,0,0,1,0,0
6000,3,1,4,1,1,0,0,1,2,0,15.890253704451245,8.699681400989514,4,1500.0,2.1749203502473784,1.0,0,0,0,0,0,1
6000,4,2,4,1,0,0,0,1,1,0,15.88363846616608,8.699681400989514,6,1000.0,1.449946900164919,1.5,0,0,0,0,1,0
6550,3,1,2,1,0,1,0,1,0,1,15.87920386966009,8.787372988731876,4,1637.5,2.196843247182969,2.0,0,0,1,1,0,0
6360,3,2,4,1,0,0,0,1,0,1,15.874749519877604,8.757940876678804,5,1272.0,1.7515881753357607,1.25,0,0,1,1,0,0
6480,3,2,4,1,0,0,0,1,2,0,15.856731016694035,8.776630098427717,5,1296.0,1.7553260196855434,1.25,0,0,0,0,0,1
6000,4,2,4,1,0,0,0,0,2,0,15.856731016694035,8.699681400989514,6,1000.0,1.449946900164919,1.5,0,0,0,0,1,0
6000,4,2,4,1,0,0,0,1,1,0,15.83838188043084,8.699681400989514,6,1000.0,1.449946900164919,1.5,0,0,0,1,0,0
6000,3,2,3,1,0,0,0,1,0,0,15.83838188043084,8.699681400989514,5,1200.0,1.7399362801979028,1.6666666666666667,0,0,1,0,1,0
6000,3,2,4,1,0,0,0,1,1,0,15.83374150148957,8.699681400989514,5,1200.0,1.7399362801979028,1.25,0,0,0,1,0,0
6600,3,1,4,1,0,0,0,1,3,1,15.829079489004743,8.79497643168877,4,1650.0,2.1987441079221925,1.0,0,0,0,1,0,0
4300,3,2,2,1,0,1,0,0,1,0,15.824395640319128,8.366602832783736,5,860.0,1.6733205665567472,2.5,0,0,0,0,0,1
7440,3,2,1,1,1,1,0,1,0,1,15.819689749914444,8.914760527397261,5,1488.0,1.7829521054794522,5.0,0,1,1,0,1,0
7440,3,2,4,1,0,0,0,0,1,1,15.819689749914444,8.914760527397261,5,1488.0,1.7829521054794522,1.25,0,0,0,0,0,1
6325,3,1,4,1,0,0,0,1,1,0,15.819689749914444,8.752423403865594,4,1581.25,2.1881058509663984,1.0,0,0,0,0,0,1
6000,4,2,4,1,1,0,0,1,1,0,15.810211007243431,8.699681400989514,6,1000.0,1.449946900164919,1.5,0,0,0,1,0,0
5150,3,2,4,1,0,0,0,1,2,0,15.810211007243431,8.546946149565585,5,1030.0,1.709389229913117,1.25,0,0,0,0,1,0
6000,3,2,2,1,1,0,0,1,1,0,15.810211007243431,8.699681400989514,5,1200.0,1.7399362801979028,2.5,0,0,0,0,1,0
6000,3,1,2,1,0,0,0,1,1,0,15.810211007243431,8.699681400989514,4,1500.0,2.1749203502473784,2.0,0,0,0,0,0,1
11440,4,1,2,1,0,1,0,0,1,1,15.80925817261786,9.344958673700944,5,2288.0,1.8689917347401888,2.5,0,0,0,0,1,0
9000,4,2,4,1,1,0,0,1,1,1,15.795822271763136,9.105090961257085,6,1500.0,1.5175151602095143,1.5,0,0,0,1,0,0
7680,4,2,4,1,1,0,0,1,1,0,15.790979647957377,8.946505025998682,6,1280.0,1.4910841709997804,1.5,0,0,0,0,1,0
6000,3,2,4,1,1,0,0,1,1,0,15.790979647957377,8.699681400989514,5,1200.0,1.7399362801979028,1.25,0,0,0,1,0,0
6000,3,2,2,1,1,0,0,0,1,0,15.78122347437178,8.699681400989514,5,1200.0,1.7399362801979028,2.5,0,0,0,0,1,0
8880,2,1,1,1,0,0,0,1,1,0,15.77137117931546,9.091669442258505,3,2960.0,3.030556480752835,3.0,0,0,0,0,1,0
6240,4,2,2,1,0,0,0,1,1,0,15.77137117931546,8.738895704934043,6,1040.0,1.456482617489007,3.0,0,0,0,1,0,0
6360,4,2,3,1,0,0,0,1,2,1,15.766408390677027,8.757940876678804,6,1060.0,1.4596568127798006,2.0,0,0,0,1,0,0
11175,3,1,1,1,0,1,0,1,1,1,15.76142084987672,9.321523900936798,4,2793.75,2.3303809752341995,4.0,0,0,0,1,0,0
8880,3,2,2,1,0,1,0,1,1,0,15.75137051546622,9.091669442258505,5,1776.0,1.818333888451701,2.5,0,0,0,1,0,0
13200,2,1,1,1,0,1,1,0,1,0,15.75137051546622,9.488047863280759,3,4400.0,3.162682621093586,3.0,0,0,0,1,0,0
7700,3,2,1,1,0,0,0,0,2,0,15.746307214242162,8.94910546953925,5,1540.0,1.7898210939078498,5.0,0,0,0,0,0,1
6000,3,1,1,1,0,0,0,1,1,0,15.741218145474653,8.699681400989514,4,1500.0,2.1749203502473784,4.0,0,0,0,1,0,0
12090,4,2,2,1,0,0,0,0,2,1,15.730961646810274,9.400216653174247,6,2015.0,1.5667027755290412,3.0,0,0,0,1,0,0
4000,3,2,2,1,0,1,0,1,0,1,15.730961646810274,8.294299608857235,5,800.0,1.658859921771447,2.5,0,0,1,0,1,0
6000,4,2,4,1,0,0,0,1,0,0,15.725793677414915,8.699681400989514,6,1000.0,1.449946900164919,1.5,0,0,1,0,0,1
5020,3,1,4,1,0,0,0,1,0,1,15.720598861308845,8.521384396034705,4,1255.0,2.130346099008676,1.0,0,0,1,0,0,1
6600,2,2,4,1,0,1,0,0,0,1,15.7153769181068,8.79497643168877,4,1650.0,2.1987441079221925,1.0,0,0,1,1,0,0
4040,3,1,2,1,0,1,1,0,1,0,15.710127563007966,8.304247465078474,4,1010.0,2.0760618662696184,2.0,0,0,0,1,0,0
4260,4,2,2,1,0,0,1,0,0,0,15.710127563007966,8.357259153499912,6,710.0,1.3928765255833186,3.0,0,0,1,0,1,0
6420,3,2,3,1,0,0,0,1,0,1,15.710127563007966,8.76732914779405,5,1284.0,1.75346582955881,1.6666666666666667,0,0,1,1,0,0
6500,3,2,3,1,0,0,0,1,0,1,15.710127563007966,8.77971129020447,5,1300.0,1.7559422580408939,1.6666666666666667,0,0,1,1,0,0
5700,3,1,1,1,1,1,0,1,2,1,15.710127563007966,8.648396877031582,4,1425.0,2.1620992192578954,4.0,0,1,0,1,0,0
6000,3,2,3,1,1,0,0,1,0,0,15.710127563007966,8.699681400989514,5,1200.0,1.7399362801979028,1.6666666666666667,0,0,1,1,0,0
6000,3,1,2,1,0,0,1,0,1,1,15.706964672075832,8.699681400989514,4,1500.0,2.1749203502473784,2.0,0,0,0,0,1,0
4000,3,2,2,1,0,1,0,1,1,0,15.704850506702762,8.294299608857235,5,800.0,1.658859921771447,2.5,0,0,0,0,1,0
10500,3,2,1,1,0,1,0,1,1,1,15.704850506702762,9.259225769705994,5,2100.0,1.8518451539411989,5.0,0,0,0,1,0,0
6000,3,2,4,1,0,0,0,1,0,0,15.699545455277173,8.699681400989514,5,1200.0,1.7399362801979028,1.25,0,0,1,0,1,0
3760,3,1,2,1,0,0,1,0,2,0,15.688850167794572,8.232440158470336,4,940.0,2.058110039617584,2.0,0,0,0,0,1,0
8250,3,2,3,1,0,0,0,1,0,0,15.688850167794572,9.018089684104343,5,1650.0,1.8036179368208685,1.6666666666666667,0,0,1,1,0,0
6670,3,1,3,1,0,1,0,0,0,1,15.688850167794572,8.805525052709516,4,1667.5,2.201381263177379,1.3333333333333333,0,0,1,0,0,1
3960,3,1,1,1,0,1,0,0,2,0,15.683459319990018,8.284251797621916,4,990.0,2.071062949405479,4.0,0,0,0,0,1,0
7410,3,1,1,1,1,1,0,1,2,1,15.683459319990018,8.910720661951359,4,1852.5,2.2276801654878398,4.0,0,1,0,0,0,1
8580,5,3,2,1,0,0,0,0,2,0,15.678039253360028,9.057305735807121,8,1072.5,1.1321632169758902,4.0,0,0,0,1,0,0
5000,3,1,2,1,0,0,0,1,0,0,15.678039253360028,8.517393171418904,4,1250.0,2.129348292854726,2.0,0,0,1,0,1,0
6750,2,1,1,1,1,1,0,0,2,1,15.674773056081408,8.81744592104187,3,2250.0,2.9391486403472897,3.0,0,0,0,1,0,0
4800,3,2,4,1,1,0,0,1,0,0,15.672589649440985,8.476579508530941,5,960.0,1.6953159017061883,1.25,0,0,1,1,0,0
7200,3,2,1,1,0,1,0,1,3,0,15.656060350091908,8.881975184248867,5,1440.0,1.7763950368497734,5.0,0,0,0,0,1,0
6000,4,2,4,1,0,0,0,0,1,0,15.656060350091908,8.699681400989514,6,1000.0,1.449946900164919,1.5,0,0,0,0,1,0
4100,3,2,3,1,0,0,0,1,2,0,15.656060350091908,8.31898612539206,5,820.0,1.663797225078412,1.6666666666666667,0,0,0,0,1,0
9000,3,1,1,1,0,1,0,0,1,1,15.656060350091908,9.105090961257085,4,2250.0,2.2762727403142713,4.0,0,0,0,1,0,0
6400,3,1,1,1,1,1,0,1,1,1,15.656060350091908,8.764209507142004,4,1600.0,2.191052376785501,4.0,0,1,0,0,1,0
6600,3,2,3,1,0,0,0,1,0,1,15.65494862141578,8.79497643168877,5,1320.0,1.758995286337754,1.6666666666666667,0,0,1,0,0,1
6000,4,1,3,1,1,1,0,0,0,1,15.650489305929213,8.699681400989514,5,1200.0,1.7399362801979028,1.6666666666666667,0,0,1,0,0,1
6600,3,2,1,1,0,1,0,1,0,1,15.644887051277268,8.79497643168877,5,1320.0,1.758995286337754,5.0,0,0,1,0,0,1
5500,3,1,3,1,0,0,0,0,1,1,15.644887051277268,8.612685172875459,4,1375.0,2.1531712932188647,1.3333333333333333,0,0,0,0,0,1
5500,3,2,4,1,1,0,0,1,1,0,15.639253234465867,8.612685172875459,5,1100.0,1.7225370345750917,1.25,0,0,0,0,1,0
6350,3,2,3,1,1,0,0,1,0,0,15.639253234465867,8.756367559802975,5,1270.0,1.7512735119605949,1.6666666666666667,0,0,1,1,0,0
5500,3,2,1,1,1,1,0,0,2,1,15.639253234465867,8.612685172875459,5,1100.0,1.7225370345750917,5.0,0,0,0,1,0,0
4500,3,1,4,1,0,0,0,1,0,0,15.633587497847351,8.412054873292933,4,1125.0,2.103013718323233,1.0,0,0,1,0,0,1
5450,4,2,1,1,0,1,0,1,0,1,15.633587497847351,8.603554357064281,6,908.3333333333334,1.4339257261773801,6.0,0,0,1,0,1,0
6420,3,1,3,1,0,1,0,0,0,1,15.627889477660357,8.76732914779405,4,1605.0,2.1918322869485123,1.3333333333333333,0,0,1,0,0,1
3240,4,1,3,1,0,0,0,0,1,0,15.625028245847135,8.083637203141548,5,648.0,1.6167274406283094,1.6666666666666667,0,0,0,0,1,0
6615,4,2,2,1,1,0,1,0,1,0,15.622158803889679,8.797246236703527,6,1102.5,1.4662077061172545,3.0,0,0,0,0,1,0
6600,3,1,1,1,1,1,0,0,2,1,15.622158803889679,8.79497643168877,4,1650.0,2.1987441079221925,4.0,0,0,0,0,1,0
8372,3,1,3,1,0,0,0,1,2,0,15.622158803889679,9.032767522204432,4,2093.0,2.258191880551108,1.3333333333333333,0,0,0,0,0,1
4300,6,2,2,1,0,0,0,0,0,0,15.621008717695398,8.366602832783736,8,537.5,1.045825354097967,4.0,0,0,1,1,0,0
9620,3,1,1,1,0,1,0,0,2,1,15.621008717695398,9.171703488361265,4,2405.0,2.2929258720903163,4.0,0,0,0,1,0,0
6800,2,1,1,1,1,1,0,0,2,0,15.610597983397946,8.824824939175638,3,2266.6666666666665,2.941608313058546,3.0,0,0,0,1,0,0
8000,3,1,1,1,1,1,0,1,2,1,15.610597983397946,8.987321812850125,4,2000.0,2.246830453212531,4.0,0,1,0,0,1,0
6900,3,2,1,1,1,1,0,0,0,1,15.610597983397946,8.839421607620602,5,1380.0,1.7678843215241205,5.0,0,0,1,0,0,1
3700,4,1,2,1,1,0,0,1,0,0,15.598901945589025,8.216358332386156,5,740.0,1.643271666477231,2.5,0,0,1,1,0,0
6420,3,1,1,1,0,1,0,1,0,1,15.598901945589025,8.76732914779405,4,1605.0,2.1918322869485123,4.0,0,0,1,1,0,0
7020,3,1,1,1,0,1,0,1,2,1,15.598901945589025,8.85666093701725,4,1755.0,2.2141652342543123,4.0,0,0,0,0,1,0
6540,3,1,1,1,1,1,0,0,2,1,15.598901945589025,8.785845337961213,4,1635.0,2.1964613344903032,4.0,0,0,0,1,0,0
7231,3,1,2,1,1,1,0,1,0,1,15.598901945589025,8.886270902072013,4,1807.75,2.2215677255180033,2.0,0,1,1,0,1,0
6254,4,2,1,1,0,1,0,0,1,1,15.598901945589025,8.741136422901011,6,1042.3333333333333,1.4568560704835019,6.0,0,0,0,0,1,0
7320,4,2,2,1,0,0,0,0,0,0,15.598901945589025,8.898502209646642,6,1220.0,1.4830837016077736,3.0,0,0,1,1,0,0
6525,3,2,4,1,0,0,0,0,1,0,15.598901945589025,8.783549477153265,5,1305.0,1.756709895430653,1.25,0,0,0,1,0,0
15600,3,1,1,1,0,0,0,1,2,0,15.59772478261397,9.65509029374725,4,3900.0,2.4137725734368125,4.0,0,0,0,0,1,0
7160,3,1,1,1,0,1,0,0,2,1,15.587067489942822,8.87640491500694,4,1790.0,2.219101228751735,4.0,0,0,0,0,0,1
6500,3,2,3,1,0,0,0,1,0,0,15.587067489942822,8.77971129020447,5,1300.0,1.7559422580408939,1.6666666666666667,0,0,1,0,0,1
5500,3,1,3,1,1,0,0,1,1,0,15.585876304775372,8.612685172875459,4,1375.0,2.1531712932188647,1.3333333333333333,0,0,0,1,0,0
11460,3,1,3,1,0,0,0,0,2,1,15.585876304775372,9.346705246496699,4,2865.0,2.3366763116241747,1.3333333333333333,0,0,0,0,1,0
4800,3,1,1,1,1,1,0,0,0,0,15.584683698993436,8.476579508530941,4,1200.0,2.1191448771327352,4.0,0,0,1,0,0,1
5828,4,1,4,1,1,0,0,0,0,0,15.575091300945118,8.67060073804555,5,1165.6,1.7341201476091102,1.25,0,0,1,0,1,0
5200,3,1,3,1,0,0,0,1,0,0,15.575091300945118,8.556606193773073,4,1300.0,2.139151548443268,1.3333333333333333,0,0,1,0,1,0
4800,3,1,3,1,0,0,0,1,0,0,15.575091300945118,8.476579508530941,4,1200.0,2.1191448771327352,1.3333333333333333,0,0,1,0,0,1
7000,3,1,1,1,0,1,0,0,2,1,15.57388575549739,8.853808274977197,4,1750.0,2.2134520687442993,4.0,0,0,0,0,1,0
6000,3,2,4,1,0,0,0,1,0,0,15.56904898753229,8.699681400989514,5,1200.0,1.7399362801979028,1.25,0,0,1,0,0,1
5400,4,2,2,1,0,0,0,1,2,0,15.562969942511762,8.594339400592892,6,900.0,1.4323899000988154,3.0,0,0,0,0,0,1
4640,4,1,2,1,0,0,0,0,1,0,15.562969942511762,8.442685139241176,5,928.0,1.6885370278482352,2.5,0,0,0,0,1,0
5000,3,1,3,1,0,0,0,1,0,0,15.562969942511762,8.517393171418904,4,1250.0,2.129348292854726,1.3333333333333333,0,0,1,0,1,0
6360,3,1,1,1,1,1,0,1,2,1,15.562969942511762,8.757940876678804,4,1590.0,2.189485219169701,4.0,0,1,0,1,0,0
5800,3,2,4,1,0,0,0,1,0,0,15.562969942511762,8.665785595466064,5,1160.0,1.7331571190932127,1.25,0,0,1,0,0,1
6660,4,2,2,1,1,1,0,0,1,1,15.547608660047116,8.804024902413179,6,1110.0,1.4673374837355297,3.0,0,0,0,0,1,0
10500,4,2,2,1,0,0,0,0,1,0,15.53827733427679,9.259225769705994,6,1750.0,1.543204294950999,3.0,0,0,0,0,1,0
4800,5,2,3,0,0,1,1,0,0,0,15.53827733427679,8.476579508530941,7,685.7142857142857,1.2109399297901344,2.3333333333333335,0,0,1,0,0,1
4700,4,1,2,1,1,1,0,1,1,0,15.53827733427679,8.45553053102413,5,940.0,1.6911061062048263,2.5,0,1,0,1,0,0
5000,3,1,4,1,0,0,0,0,0,0,15.53827733427679,8.517393171418904,4,1250.0,2.129348292854726,1.0,0,0,1,1,0,0
10500,2,1,1,1,0,0,0,0,1,0,15.53827733427679,9.259225769705994,3,3500.0,3.086408589901998,3.0,0,0,0,0,1,0
5500,3,2,2,1,0,0,0,0,1,0,15.53827733427679,8.612685172875459,5,1100.0,1.7225370345750917,2.5,0,0,0,0,1,0
6360,3,1,3,1,0,0,0,0,0,1,15.53827733427679,8.757940876678804,4,1590.0,2.189485219169701,1.3333333333333333,0,0,1,0,1,0
6600,4,2,1,1,0,1,0,0,0,1,15.53827733427679,8.79497643168877,6,1100.0,1.4658294052814618,6.0,0,0,1,0,1,0
5136,3,1,2,1,1,1,0,1,0,1,15.53827733427679,8.544224530467268,4,1284.0,2.136056132616817,2.0,0,1,1,0,0,1
4400,4,1,2,1,0,0,0,1,2,1,15.532007722386286,8.38958706681109,5,880.0,1.6779174133622181,2.5,0,0,0,0,1,0
5400,5,1,2,1,1,1,0,1,0,1,15.532007722386286,8.594339400592892,6,900.0,1.4323899000988154,3.0,0,1,1,1,0,0
3300,3,3,2,1,0,1,0,0,0,0,15.525698554330328,8.101980731853192,6,550.0,1.3503301219755321,3.0,0,0,1,0,1,0
3650,3,2,2,1,0,0,0,0,2,0,15.525698554330328,8.202756381655638,5,730.0,1.6405512763311276,2.5,0,0,0,0,1,0
6100,3,2,1,1,0,1,0,0,2,1,15.525698554330328,8.716207971151853,5,1220.0,1.7432415942303705,5.0,0,0,0,1,0,0
6900,3,1,1,1,1,1,0,0,0,1,15.524431929944326,8.839421607620602,4,1725.0,2.2098554019051506,4.0,0,0,1,0,1,0
2817,4,2,2,0,1,1,0,0,1,0,15.519349327803464,7.943782692458625,6,469.5,1.3239637820764376,3.0,0,0,0,1,0,0
7980,3,1,1,1,0,0,0,0,2,0,15.519349327803464,8.984818995876008,4,1995.0,2.246204748969002,4.0,0,0,0,0,1,0
3150,3,2,1,1,1,1,0,1,0,0,15.512959530871255,8.055475141757274,5,630.0,1.6110950283514547,5.0,0,1,1,1,0,0
6210,4,1,4,1,1,0,0,1,0,0,15.512959530871255,8.734077192559303,5,1242.0,1.7468154385118606,1.25,0,0,1,1,0,0
6100,3,1,3,1,1,0,0,1,0,1,15.512959530871255,8.716207971151853,4,1525.0,2.1790519927879632,1.3333333333333333,0,0,1,0,1,0
6600,4,2,2,1,1,1,0,0,0,1,15.512959530871255,8.79497643168877,6,1100.0,1.4658294052814618,3.0,0,0,1,0,1,0
6825,3,1,1,1,1,1,0,1,0,1,15.506528641722577,8.828494129466652,4,1706.25,2.207123532366663,4.0,0,1,1,0,1,0
6710,3,2,2,1,1,1,0,0,1,1,15.50005612841392,8.811503250158239,5,1342.0,1.7623006500316478,2.5,0,0,0,1,0,0
6450,3,2,1,1,1,1,1,0,0,0,15.498756583313094,8.771990436532242,5,1290.0,1.7543980873064484,5.0,0,0,1,0,0,1
7800,3,1,1,1,0,1,0,1,2,1,15.486984049287734,8.962007209588313,4,1950.0,2.240501802397078,4.0,0,0,0,0,0,1
4600,2,2,1,1,0,0,0,1,2,0,15.480383366501217,8.434028950155469,4,1150.0,2.108507237538867,4.0,0,0,0,0,1,0
4260,4,1,2,1,0,1,0,1,0,0,15.473738825043979,8.357259153499912,5,852.0,1.6714518306999824,2.5,0,0,1,1,0,0
6540,4,2,2,0,0,0,0,1,0,0,15.473738825043979,8.785845337961213,6,1090.0,1.4643075563268688,3.0,0,0,1,0,1,0
5500,3,2,1,1,0,1,0,0,0,0,15.473738825043979,8.612685172875459,5,1100.0,1.7225370345750917,5.0,0,0,1,0,1,0
10269,3,1,1,1,0,0,0,0,1,1,15.473738825043979,9.236982302922604,4,2567.25,2.309245575730651,4.0,0,0,0,0,1,0
8400,3,1,2,1,1,1,0,1,2,1,15.473738825043979,9.036106025364846,4,2100.0,2.2590265063412116,2.0,0,1,0,0,0,1
5300,4,2,1,1,0,0,0,1,0,1,15.473738825043979,8.575650760987806,6,883.3333333333334,1.4292751268313009,6.0,0,0,1,0,0,1
3800,3,1,2,1,1,1,0,0,1,1,15.473738825043979,8.24301946898925,4,950.0,2.0607548672473124,2.0,0,0,0,0,0,1
9800,4,2,2,1,1,0,0,0,2,0,15.473738825043979,9.19023970026918,6,1633.3333333333333,1.5317066167115299,3.0,0,0,0,0,1,0
8520,3,1,1,1,0,0,0,1,2,0,15.473738825043979,9.050288983827956,4,2130.0,2.262572245956989,4.0,0,0,0,1,0,0
6050,3,1,1,1,0,1,0,0,0,1,15.472404602285149,8.707978826622321,4,1512.5,2.1769947066555804,4.0,0,0,1,0,1,0
7085,3,1,1,1,1,1,0,0,2,1,15.469730804411405,8.865876285425417,4,1771.25,2.216469071356354,4.0,0,0,0,0,1,0
3180,3,2,2,1,0,0,0,0,2,0,15.467049838171546,8.064950891749143,5,636.0,1.6129901783498286,2.5,0,0,0,0,1,0
4500,4,2,1,0,0,1,0,1,2,0,15.467049838171546,8.412054873292933,6,750.0,1.4020091455488222,6.0,0,0,0,0,1,0
7200,3,1,2,1,1,1,0,0,1,1,15.467049838171546,8.881975184248867,4,1800.0,2.220493796062217,2.0,0,0,0,1,0,0
3410,3,1,2,0,0,0,0,1,0,0,15.453536121613729,8.134760782418645,4,852.5,2.0336901956046614,2.0,0,0,1,0,1,0
7980,3,1,1,1,0,0,0,0,1,1,15.453536121613729,8.984818995876008,4,1995.0,2.246204748969002,4.0,0,0,0,0,1,0
3000,3,2,2,1,1,1,0,0,0,0,15.446710157874584,8.006700845440367,5,600.0,1.6013401690880733,2.5,0,0,1,1,0,0
3000,3,1,2,1,0,1,0,0,0,0,15.446710157874584,8.006700845440367,4,750.0,2.0016752113600917,2.0,0,0,1,0,0,1
11410,2,1,2,1,0,0,0,0,0,1,15.446710157874584,9.34233308143468,3,3803.3333333333335,3.1141110271448933,1.5,0,0,1,1,0,0
6100,3,1,1,1,0,1,0,1,0,1,15.446710157874584,8.716207971151853,4,1525.0,2.1790519927879632,4.0,0,0,1,0,1,0
5720,2,1,2,1,0,0,0,1,0,1,15.439837279936441,8.651898894268529,3,1906.6666666666667,2.8839662980895096,1.5,0,0,1,0,0,1
3540,2,1,1,0,1,1,0,0,0,0,15.43291683846023,8.172164452111904,3,1180.0,2.7240548173706345,3.0,0,0,1,0,1,0
7600,4,1,2,1,0,0,0,1,2,0,15.43291683846023,8.936035096566041,5,1520.0,1.7872070193132081,2.5,0,0,0,1,0,0
10700,3,1,2,1,1,1,0,0,0,0,15.43291683846023,9.278092474027002,4,2675.0,2.3195231185067504,2.0,0,0,1,0,1,0
6600,3,1,1,1,1,1,0,0,0,1,15.43291683846023,8.79497643168877,4,1650.0,2.1987441079221925,4.0,0,0,1,1,0,0
4800,2,1,1,1,1,1,0,0,0,0,15.431526984447132,8.476579508530941,3,1600.0,2.825526502843647,3.0,0,0,1,0,1,0
8150,3,2,1,1,1,1,0,0,0,0,15.425948170531639,9.005895898094458,5,1630.0,1.8011791796188916,5.0,0,0,1,0,1,0
4410,4,3,2,1,0,1,0,0,2,0,15.418930599280035,8.39185670010494,7,630.0,1.1988366714435628,3.5,0,0,0,0,1,0
7686,3,1,1,1,1,1,1,0,0,0,15.418930599280035,8.947285869349132,4,1921.5,2.236821467337283,4.0,0,0,1,0,1,0
2800,3,2,2,0,0,1,0,1,1,0,15.416109723506775,7.937731775260109,5,560.0,1.5875463550520217,2.5,0,0,0,0,1,0
5948,3,1,2,1,0,0,0,1,0,0,15.411863433483944,8.690978417187905,4,1487.0,2.1727446042969762,2.0,0,0,1,0,1,0
4200,3,1,2,1,0,0,0,0,1,0,15.406173518862524,8.343077871169383,4,1050.0,2.0857694677923457,2.0,0,0,0,1,0,0
4520,3,1,2,1,0,1,0,1,0,0,15.404745967162468,8.416488487294606,4,1130.0,2.1041221218236514,2.0,0,0,1,0,1,0
4095,3,1,2,0,1,1,0,1,0,0,15.404745967162468,8.317766166719343,4,1023.75,2.0794415416798357,2.0,0,0,1,0,1,0
4120,2,1,1,1,0,1,0,0,1,0,15.404745967162468,8.323851131338817,3,1373.3333333333333,2.7746170437796054,3.0,0,0,0,0,1,0
5400,4,1,2,1,0,0,0,0,0,0,15.404745967162468,8.594339400592892,5,1080.0,1.7188678801185784,2.5,0,0,1,0,1,0
4770,3,1,1,1,1,1,0,0,0,0,15.404745967162468,8.470311205516108,4,1192.5,2.117577801379027,4.0,0,0,1,0,1,0
6300,3,1,1,1,0,0,0,1,2,0,15.404745967162468,8.748463629942055,4,1575.0,2.1871159074855138,4.0,0,0,0,0,1,0
5800,2,1,1,1,1,1,0,1,0,0,15.404745967162468,8.665785595466064,3,1933.3333333333333,2.8885951984886877,3.0,0,1,1,0,1,0
3000,3,1,2,1,0,1,0,1,0,0,15.404745967162468,8.006700845440367,4,750.0,2.0016752113600917,2.0,0,0,1,0,1,0
2970,3,1,3,1,0,0,0,0,0,0,15.404745967162468,7.9966538754626075,4,742.5,1.9991634688656519,1.3333333333333333,0,0,1,0,1,0
6720,3,1,1,1,0,0,0,0,0,0,15.404745967162468,8.812992231969966,4,1680.0,2.2032480579924916,4.0,0,0,1,0,0,1
4646,3,1,2,1,1,1,0,0,2,0,15.404745967162468,8.443977129084978,4,1161.5,2.1109942822712444,2.0,0,0,0,0,1,0
12900,3,1,1,1,0,0,0,0,2,0,15.404745967162468,9.465060106725137,4,3225.0,2.366265026681284,4.0,0,0,0,1,0,0
3420,4,2,2,1,0,1,0,1,2,0,15.403316374644834,8.137688184977605,6,570.0,1.3562813641629343,3.0,0,0,0,0,1,0
4995,4,2,1,1,0,1,0,0,0,0,15.403316374644834,8.516392871245468,6,832.5,1.4193988118742447,6.0,0,0,1,0,1,0
4350,2,1,1,1,0,1,0,0,0,0,15.397577479152067,8.37816098272068,3,1450.0,2.79272032757356,3.0,0,0,1,0,0,1
4160,3,1,3,1,0,0,0,0,0,0,15.390357232668071,8.333510708982942,4,1040.0,2.0833776772457355,1.3333333333333333,0,0,1,0,0,1
6040,3,1,1,1,0,0,0,0,2,1,15.390357232668071,8.706324840138741,4,1510.0,2.1765812100346853,4.0,0,0,0,0,1,0
6862,3,1,2,1,0,0,0,1,2,1,15.390357232668071,8.833899942908635,4,1715.5,2.208474985727159,2.0,0,0,0,1,0,0
4815,2,1,1,1,0,0,0,1,0,1,15.390357232668071,8.479698986988657,3,1605.0,2.826566328996219,3.0,0,0,1,0,1,0
7000,3,1,2,1,0,1,0,0,0,0,15.383084474850227,8.853808274977197,4,1750.0,2.2134520687442993,2.0,0,0,1,0,0,1
8100,4,1,4,1,0,1,0,1,2,0,15.383084474850227,8.999742789830492,5,1620.0,1.7999485579660983,1.25,0,0,0,0,1,0
3420,4,2,2,1,0,0,0,0,0,0,15.377227943962481,8.137688184977605,6,570.0,1.3562813641629343,3.0,0,0,1,0,1,0
9166,2,1,1,1,0,1,0,1,2,0,15.375758436291614,9.123365357961776,3,3055.3333333333335,3.0411217859872584,3.0,0,0,0,0,1,0
6321,3,1,2,1,0,1,0,1,1,0,15.375758436291614,8.751790892775563,4,1580.25,2.187947723193891,2.0,0,0,0,1,0,0
10240,2,1,1,1,0,0,0,1,2,1,15.375758436291614,9.234154550075438,3,3413.3333333333335,3.0780515166918128,3.0,0,0,0,0,0,1
6440,2,1,1,1,0,0,0,1,3,0,15.37428676598956,8.77043908654689,3,2146.6666666666665,2.92347969551563,3.0,0,0,0,0,1,0
5170,3,1,4,1,0,0,0,1,0,0,15.360943353642055,8.550821372396221,4,1292.5,2.1377053430990554,1.0,0,0,1,0,1,0
6000,2,1,1,1,0,1,0,1,1,0,15.360943353642055,8.699681400989514,3,2000.0,2.899893800329838,3.0,0,0,0,1,0,0
3630,3,1,2,1,0,0,0,0,2,0,15.360943353642055,8.197263371414335,4,907.5,2.049315842853584,2.0,0,0,0,0,1,0
9667,4,2,2,1,1,1,0,0,1,0,15.360943353642055,9.176576741823373,6,1611.1666666666667,1.5294294569705622,3.0,0,0,0,0,1,0
5400,2,1,2,1,0,0,0,0,0,1,15.360943353642055,8.594339400592892,3,1800.0,2.864779800197631,1.5,0,0,1,0,1,0
4320,3,1,1,1,0,0,0,0,0,1,15.360943353642055,8.371242135931933,4,1080.0,2.0928105339829832,4.0,0,0,1,0,1,0
3745,3,1,2,1,0,1,0,0,0,0,15.353452683516053,8.228443883004033,4,936.25,2.0571109707510082,2.0,0,0,1,1,0,0
4160,3,1,1,1,1,1,0,1,0,0,15.345905479508115,8.333510708982942,4,1040.0,2.0833776772457355,4.0,0,1,1,0,0,1
3880,3,2,2,1,0,1,0,0,2,0,15.345905479508115,8.263848131368906,5,776.0,1.6527696262737812,2.5,0,0,0,0,1,0
5680,3,1,2,1,1,0,0,1,1,0,15.345905479508115,8.644882552557126,4,1420.0,2.1612206381392816,2.0,0,0,0,0,1,0
2870,2,1,2,1,1,1,0,0,0,1,15.345905479508115,7.962415680121064,3,956.6666666666666,2.6541385600403546,1.5,0,0,1,0,1,0
5010,3,1,2,1,0,1,0,0,0,0,15.345905479508115,8.519390774959724,4,1252.5,2.129847693739931,2.0,0,0,1,0,1,0
4510,4,2,2,1,0,1,0,0,0,0,15.344389179318602,8.414274137408396,6,751.6666666666666,1.4023790229013995,3.0,0,0,1,0,1,0
4000,3,1,2,1,0,0,0,0,1,0,15.338300881775186,8.294299608857235,4,1000.0,2.073574902214309,2.0,0,0,0,1,0,0
3840,3,1,2,1,0,0,0,0,1,1,15.338300881775186,8.253488028345904,4,960.0,2.063372007086476,2.0,0,0,0,0,1,0
3760,3,1,1,1,0,0,0,0,2,0,15.330638010707329,8.232440158470336,4,940.0,2.058110039617584,4.0,0,0,0,0,1,0
3640,3,1,2,1,0,0,0,1,0,0,15.330638010707329,8.200013648175434,4,910.0,2.0500034120438584,2.0,0,0,1,1,0,0
2550,3,1,2,1,0,1,0,0,0,0,15.330638010707329,7.844240718141811,4,637.5,1.9610601795354528,2.0,0,0,1,1,0,0
5320,3,1,2,1,1,1,0,0,0,1,15.330638010707329,8.579416534596369,4,1330.0,2.1448541336490923,2.0,0,0,1,0,1,0
5360,3,1,2,1,0,0,0,0,2,1,15.330638010707329,8.586905803827538,4,1340.0,2.1467264509568844,2.0,0,0,0,0,0,1
3520,3,1,1,1,0,0,0,0,0,1,15.330638010707329,8.166500319155052,4,880.0,2.041625079788763,4.0,0,0,1,0,1,0
8400,4,1,4,1,0,0,0,0,3,0,15.330638010707329,9.036106025364846,5,1680.0,1.8072212050729692,1.25,0,0,0,0,0,1
4100,2,2,1,1,1,1,0,0,0,0,15.32909836486038,8.31898612539206,4,1025.0,2.079746531348015,4.0,0,0,1,0,1,0
4990,4,2,2,1,1,1,0,0,0,1,15.32909836486038,8.515391569469609,6,831.6666666666666,1.4192319282449348,3.0,0,0,1,1,0,0
3510,3,1,3,1,0,0,0,0,0,0,15.32291596631714,8.163656176168432,4,877.5,2.040914044042108,1.3333333333333333,0,0,1,0,1,0
3450,3,1,2,1,0,1,0,0,1,0,15.32291596631714,8.146419323098003,4,862.5,2.036604830774501,2.0,0,0,0,0,1,0
9860,3,1,1,1,0,0,0,0,0,0,15.32291596631714,9.19634286233233,4,2465.0,2.2990857155830824,4.0,0,0,1,0,1,0
3520,2,1,2,1,0,0,0,0,0,1,15.32291596631714,8.166500319155052,3,1173.3333333333333,2.722166773051684,1.5,0,0,1,1,0,0
4510,4,1,2,1,0,0,0,1,2,0,15.315133827605429,8.414274137408396,5,902.0,1.6828548274816792,2.5,0,0,0,0,1,0
5885,2,1,1,1,0,0,0,1,1,0,15.315133827605429,8.680331928793418,3,1961.6666666666667,2.893443976264473,3.0,0,0,0,0,0,1
4000,3,1,2,1,0,0,0,0,2,0,15.315133827605429,8.294299608857235,4,1000.0,2.073574902214309,2.0,0,0,0,1,0,0
8250,3,1,1,1,0,0,0,0,0,0,15.315133827605429,9.018089684104343,4,2062.5,2.2545224210260857,4.0,0,0,1,1,0,0
4040,3,1,2,1,0,0,0,0,1,0,15.315133827605429,8.304247465078474,4,1010.0,2.0760618662696184,2.0,0,0,0,0,1,0
6360,2,1,1,1,0,1,0,1,1,0,15.313570105978563,8.757940876678804,3,2120.0,2.9193136255596013,3.0,0,0,0,1,0,0
3162,3,1,2,1,0,0,0,1,1,0,15.313570105978563,8.059276223305648,4,790.5,2.014819055826412,2.0,0,0,0,1,0,0
3510,3,1,2,1,0,0,0,0,0,0,15.313570105978563,8.163656176168432,4,877.5,2.040914044042108,2.0,0,0,1,0,1,0
3750,2,1,1,1,1,1,0,0,0,0,15.307290651901996,8.229777750081887,3,1250.0,2.7432592500272954,3.0,0,0,1,0,1,0
3968,3,1,2,0,0,0,0,0,0,0,15.299385474180372,8.286269452783065,4,992.0,2.0715673631957663,2.0,0,0,1,0,1,0
4900,2,1,2,1,0,1,0,0,0,0,15.299385474180372,8.497194544909547,3,1633.3333333333333,2.8323981816365156,1.5,0,0,1,0,1,0
2880,3,1,2,1,0,0,0,0,0,1,15.29779691185574,7.9658927350845286,4,720.0,1.9914731837711321,2.0,0,0,1,0,1,0
4880,3,1,1,1,0,0,0,0,2,1,15.29779691185574,8.493105395887147,4,1220.0,2.1232763489717867,4.0,0,0,0,0,0,1
4920,3,1,2,1,0,0,0,0,1,0,15.29779691185574,8.501267040865978,4,1230.0,2.1253167602164944,2.0,0,0,0,0,1,0
4950,4,1,2,1,0,0,0,1,0,0,15.293016027343821,8.507344855361422,5,990.0,1.7014689710722846,2.5,0,0,1,0,1,0
3900,3,1,2,1,0,0,0,0,0,0,15.291417306345254,8.268988209506656,4,975.0,2.067247052376664,2.0,0,0,1,0,0,1
4500,3,2,3,1,0,0,1,0,1,0,15.283385136491308,8.412054873292933,5,900.0,1.6824109746585865,1.6666666666666667,0,0,0,1,0,0
1905,5,1,2,0,0,1,0,0,0,0,15.283385136491308,7.552762084214147,6,317.5,1.2587936807023579,3.0,0,0,1,0,1,0
4075,3,1,1,1,1,1,0,0,2,0,15.283385136491308,8.312871394342615,4,1018.75,2.0782178485856537,4.0,0,0,0,0,1,0
3500,4,1,2,1,0,0,0,0,2,0,15.283385136491308,8.160803920954665,5,700.0,1.632160784190933,2.5,0,0,0,1,0,0
6450,4,1,2,1,0,0,0,0,0,0,15.283385136491308,8.771990436532242,5,1290.0,1.7543980873064484,2.5,0,0,1,0,1,0
4032,2,1,1,1,0,1,0,0,0,0,15.278534683477888,8.302265794873367,3,1344.0,2.767421931624456,3.0,0,0,1,1,0,0
4400,2,1,1,1,0,0,0,0,1,0,15.275287928131979,8.38958706681109,3,1466.6666666666667,2.7965290222703634,3.0,0,0,0,0,1,0
10360,2,1,1,1,0,0,0,0,1,1,15.275287928131979,9.245804036251752,3,3453.3333333333335,3.0819346787505837,3.0,0,0,0,0,1,0
3400,3,1,2,1,0,1,0,0,2,1,15.268762621017762,8.131824785007195,4,850.0,2.032956196251799,2.0,0,0,0,0,1,0
6360,2,1,1,1,0,0,0,0,0,0,15.267124619396817,8.757940876678804,3,2120.0,2.9193136255596013,3.0,0,0,1,1,0,0
6360,2,1,2,1,0,0,0,0,0,0,15.267124619396817,8.757940876678804,3,2120.0,2.9193136255596013,1.5,0,0,1,0,0,1
4500,2,1,1,1,0,0,0,1,2,0,15.267124619396817,8.412054873292933,3,1500.0,2.8040182910976443,3.0,0,0,0,1,0,0
2175,3,1,2,0,1,1,0,1,0,0,15.267124619396817,7.685243607975833,4,543.75,1.9213109019939583,2.0,0,0,1,0,0,1
4360,4,1,2,1,0,0,0,0,0,0,15.267124619396817,8.380456667842767,5,872.0,1.6760913335685532,2.5,0,0,1,1,0,0
7770,2,1,1,1,0,0,0,0,1,0,15.267124619396817,8.958154135209242,3,2590.0,2.9860513784030807,3.0,0,0,0,1,0,0
6650,3,1,2,1,1,0,0,0,0,0,15.258894122195773,8.802522498284421,4,1662.5,2.2006306245711054,2.0,0,0,1,0,1,0
2787,3,1,1,1,0,1,0,0,0,1,15.258894122195773,7.933079771880415,4,696.75,1.9832699429701037,4.0,0,0,1,1,0,0
5500,3,1,2,1,0,0,0,1,0,0,15.250595321348806,8.612685172875459,4,1375.0,2.1531712932188647,2.0,0,0,1,0,0,1
5040,3,1,2,1,0,1,0,1,0,0,15.250595321348806,8.525359754082631,4,1260.0,2.1313399385206577,2.0,0,0,1,0,0,1
5850,2,1,1,1,1,1,0,0,2,0,15.250595321348806,8.674367865788236,3,1950.0,2.8914559552627455,3.0,0,0,0,0,1,0
2610,4,3,2,0,0,0,0,0,0,0,15.250595321348806,7.8674885686991285,7,372.85714285714283,1.1239269383855899,3.5,0,0,1,0,1,0
2953,3,1,2,1,0,1,0,1,0,0,15.250595321348806,7.9909154630913255,4,738.25,1.9977288657728314,2.0,0,0,1,0,0,1
2747,4,2,2,0,0,0,0,0,0,0,15.250595321348806,7.91862865334224,6,457.8333333333333,1.3197714422237066,3.0,0,0,1,0,1,0
4410,2,1,1,0,0,0,0,0,1,0,15.250595321348806,8.39185670010494,3,1470.0,2.7972855667016465,3.0,0,0,0,0,0,1
4000,4,2,2,0,0,0,0,0,0,0,15.250595321348806,8.294299608857235,6,666.6666666666666,1.3823832681428725,3.0,0,0,1,0,1,0
2325,3,1,2,0,0,0,0,0,0,0,15.250595321348806,7.75190533307861,4,581.25,1.9379763332696525,2.0,0,0,1,0,1,0
4600,3,2,2,1,0,0,0,1,1,0,15.250595321348806,8.434028950155469,5,920.0,1.6868057900310938,2.5,0,0,0,0,1,0
3640,3,2,2,1,0,1,0,0,0,0,15.250595321348806,8.200013648175434,5,728.0,1.6400027296350868,2.5,0,0,1,0,0,1
5800,3,1,1,1,0,0,1,0,2,0,15.250595321348806,8.665785595466064,4,1450.0,2.166446398866516,4.0,0,0,0,0,1,0
7000,3,1,1,1,0,0,0,0,3,0,15.250595321348806,8.853808274977197,4,1750.0,2.2134520687442993,4.0,0,0,0,1,0,0
4079,3,1,3,1,0,0,0,0,0,0,15.250595321348806,8.313852267398207,4,1019.75,2.078463066849552,1.3333333333333333,0,0,1,0,1,0
3520,3,1,2,1,0,0,0,0,0,1,15.250595321348806,8.166500319155052,4,880.0,2.041625079788763,2.0,0,0,1,0,1,0
2145,3,1,3,1,0,0,0,0,1,1,15.250595321348806,7.671360923190644,4,536.25,1.917840230797661,1.3333333333333333,0,0,0,0,0,1
4500,3,1,1,1,0,1,0,0,0,0,15.250595321348806,8.412054873292933,4,1125.0,2.103013718323233,4.0,0,0,1,1,0,0
8250,3,1,1,1,0,1,0,0,3,0,15.248927264645598,9.018089684104343,4,2062.5,2.2545224210260857,4.0,0,0,0,0,1,0
3450,3,1,2,1,0,0,0,0,1,0,15.248927264645598,8.146419323098003,4,862.5,2.036604830774501,2.0,0,0,0,0,1,0
4840,3,1,2,1,0,0,0,0,1,0,15.24222707367909,8.484876589939695,4,1210.0,2.121219147484924,2.0,0,0,0,0,1,0
4080,3,1,2,1,0,0,0,0,2,0,15.24222707367909,8.314097335405807,4,1020.0,2.0785243338514516,2.0,0,0,0,0,1,0
4046,3,1,2,1,0,1,0,0,1,0,15.24222707367909,8.305731144875866,4,1011.5,2.0764327862189664,2.0,0,0,0,0,1,0
4632,4,1,2,1,0,0,0,1,0,0,15.233788207067937,8.440959885416648,5,926.4,1.6881919770833296,2.5,0,0,1,0,1,0
5985,3,1,1,1,0,1,0,0,0,0,15.233788207067937,8.697178688412643,4,1496.25,2.174294672103161,4.0,0,0,1,0,1,0
6060,2,1,1,1,0,1,0,0,1,0,15.232091854230847,8.709630081951286,3,2020.0,2.9032100273170953,3.0,0,0,0,0,1,0
3600,3,1,1,1,0,1,0,1,0,1,15.226131855066896,8.188966863648876,4,900.0,2.047241715912219,4.0,0,0,1,1,0,0
3680,3,2,2,1,0,0,0,0,0,0,15.225277519469522,8.210939733379021,5,736.0,1.6421879466758043,2.5,0,0,1,0,1,0
4040,2,1,2,1,0,0,0,0,1,0,15.225277519469522,8.304247465078474,3,1346.6666666666667,2.7680824883594912,1.5,0,0,0,0,1,0
5600,2,1,1,1,0,0,0,1,0,0,15.225277519469522,8.630700432209832,3,1866.6666666666667,2.876900144069944,3.0,0,0,1,0,1,0
5900,4,2,2,0,0,1,0,0,1,0,15.216693777883304,8.682877107057168,6,983.3333333333334,1.447146184509528,3.0,0,0,0,0,0,1
4992,3,2,2,1,0,0,0,0,2,0,15.216693777883304,8.51579221050061,5,998.4,1.703158442100122,2.5,0,0,0,0,0,1
4340,3,1,1,1,0,0,0,0,0,0,15.216693777883304,8.375860015299594,4,1085.0,2.0939650038248985,4.0,0,0,1,0,1,0
3000,4,1,3,1,0,1,0,1,2,0,15.216693777883304,8.006700845440367,5,600.0,1.6013401690880733,1.6666666666666667,0,0,0,0,1,0
4320,3,1,2,1,0,0,0,0,2,1,15.216693777883304,8.371242135931933,4,1080.0,2.0928105339829832,2.0,0,0,0,1,0,0
3630,3,2,2,1,0,0,1,0,2,0,15.208035717281975,8.197263371414335,5,726.0,1.639452674282867,2.5,0,0,0,0,1,0
3460,3,2,1,1,0,1,0,1,1,0,15.208035717281975,8.149312843635345,5,692.0,1.629862568727069,5.0,0,0,0,1,0,0
5400,3,1,1,1,0,0,0,0,3,0,15.208035717281975,8.594339400592892,4,1350.0,2.148584850148223,4.0,0,0,0,0,1,0
4500,3,1,2,0,0,1,0,1,0,0,15.203678412997942,8.412054873292933,4,1125.0,2.103013718323233,2.0,0,0,1,0,1,0
3460,4,1,2,1,0,0,0,1,0,0,15.203678412997942,8.149312843635345,5,692.0,1.629862568727069,2.5,0,0,1,0,1,0
4100,4,1,1,0,0,1,0,0,0,0,15.199302039492581,8.31898612539206,5,820.0,1.663797225078412,5.0,0,0,1,0,0,1
6480,3,1,2,0,0,0,0,1,1,0,15.199302039492581,8.776630098427717,4,1620.0,2.194157524606929,2.0,0,0,0,0,1,0
4500,3,2,2,0,0,1,0,1,0,0,15.199302039492581,8.412054873292933,5,900.0,1.6824109746585865,2.5,0,0,1,0,1,0
3960,3,1,2,1,0,0,0,0,0,0,15.199302039492581,8.284251797621916,4,990.0,2.071062949405479,2.0,0,0,1,1,0,0
4050,2,1,2,1,1,1,0,0,0,1,15.199302039492581,8.30671904320269,3,1350.0,2.76890634773423,1.5,0,0,1,0,0,1
7260,3,2,1,1,1,1,0,0,3,0,15.181602466868654,8.890272839380247,5,1452.0,1.7780545678760493,5.0,0,0,0,1,0,0
5500,4,1,2,1,1,1,0,0,0,0,15.181602466868654,8.612685172875459,5,1100.0,1.7225370345750917,2.5,0,0,1,0,1,0
3000,3,1,2,1,0,0,0,0,0,0,15.181602466868654,8.006700845440367,4,750.0,2.0016752113600917,2.0,0,0,1,0,1,0
3290,2,1,1,1,0,0,1,0,1,0,15.181602466868654,8.098946748943339,3,1096.6666666666667,2.6996489163144464,3.0,0,0,0,1,0,0
3816,2,1,1,1,0,1,0,1,2,0,15.181602466868654,8.247220052745229,3,1272.0,2.749073350915076,3.0,0,0,0,1,0,0
8080,3,1,1,1,0,0,0,1,2,0,15.181602466868654,8.997270906233448,4,2020.0,2.249317726558362,4.0,0,0,0,0,1,0
2145,4,2,1,1,0,1,0,0,0,1,15.181602466868654,7.671360923190644,6,357.5,1.2785601538651072,6.0,0,0,1,0,0,1
3780,2,1,2,1,1,1,0,0,0,0,15.172633799184108,8.237743803890933,3,1260.0,2.7459146012969775,1.5,0,0,1,0,1,0
3180,4,2,2,1,0,0,0,0,0,0,15.172633799184108,8.064950891749143,6,530.0,1.3441584819581907,3.0,0,0,1,1,0,0
5300,5,2,2,1,0,0,0,0,0,0,15.163583966004193,8.575650760987806,7,757.1428571428571,1.2250929658554008,3.5,0,0,1,0,1,0
3180,2,2,1,1,0,1,0,0,2,0,15.163583966004193,8.064950891749143,4,795.0,2.016237722937286,4.0,0,0,0,0,1,0
7152,3,1,2,1,0,0,0,1,0,0,15.163583966004193,8.875287128108384,4,1788.0,2.218821782027096,2.0,0,0,1,1,0,0
4080,2,1,1,1,0,0,0,0,0,0,15.163583966004193,8.314097335405807,3,1360.0,2.7713657784686023,3.0,0,0,1,0,1,0
3850,2,1,1,1,0,0,0,0,0,0,15.163583966004193,8.25608813381491,3,1283.3333333333333,2.752029377938303,3.0,0,0,1,0,1,0
2015,3,1,2,1,0,1,0,0,0,1,15.163583966004193,7.60887062919126,4,503.75,1.902217657297815,2.0,0,0,1,0,1,0
2176,2,1,2,1,1,0,0,0,0,1,15.163583966004193,7.685703061234547,3,725.3333333333334,2.561901020411516,1.5,0,0,1,0,1,0
3350,3,1,2,1,0,0,0,0,0,0,15.15994097567365,8.11701408773731,4,837.5,2.0292535219343275,2.0,0,0,1,0,0,1
3150,2,2,1,0,0,1,0,0,0,0,15.154451484823857,8.055475141757274,4,787.5,2.0138687854393185,4.0,0,0,1,0,1,0
4820,3,1,2,1,0,0,0,0,0,0,15.145234832146,8.480736654405622,4,1205.0,2.1201841636014054,2.0,0,0,1,0,1,0
3420,2,1,2,1,0,0,1,0,1,0,15.145234832146,8.137688184977605,3,1140.0,2.7125627283258686,1.5,0,0,0,0,1,0
3600,2,1,1,1,0,0,0,0,0,0,15.145234832146,8.188966863648876,3,1200.0,2.729655621216292,3.0,0,0,1,0,1,0
5830,2,1,1,1,0,0,0,0,2,0,15.145234832146,8.670943791222156,3,1943.3333333333333,2.890314597074052,3.0,0,0,0,0,0,1
2856,3,1,3,1,0,0,0,0,0,1,15.145234832146,7.957527402230773,4,714.0,1.9893818505576932,1.3333333333333333,0,0,1,1,0,0
8400,2,1,1,1,0,0,0,0,1,0,15.145234832146,9.036106025364846,3,2800.0,3.012035341788282,3.0,0,0,0,1,0,0
8250,3,1,1,1,0,0,0,0,2,0,15.143381263987493,9.018089684104343,4,2062.5,2.2545224210260857,4.0,0,0,0,1,0,0
2520,5,2,1,0,0,1,0,1,1,0,15.143381263987493,7.83241092718792,7,360.0,1.1189158467411313,7.0,0,0,0,1,0,0
6930,4,1,2,0,0,0,0,0,1,0,15.143381263987493,8.843759381917984,5,1386.0,1.7687518763835968,2.5,0,0,0,1,0,0
3480,2,1,1,1,0,0,0,0,0,1,15.135932441956118,8.15507488781144,3,1160.0,2.7183582959371466,3.0,0,0,1,0,1,0
3600,3,1,1,1,0,0,0,0,1,0,15.126542704125361,8.188966863648876,4,900.0,2.047241715912219,4.0,0,0,0,0,0,1
4040,2,1,1,1,0,0,0,0,0,0,15.126542704125361,8.304247465078474,3,1346.6666666666667,2.7680824883594912,3.0,0,0,1,0,1,0
6020,3,1,1,1,0,0,0,0,0,0,15.126542704125361,8.703008637464448,4,1505.0,2.175752159366112,4.0,0,0,1,0,1,0
4050,2,1,1,1,0,0,0,0,0,0,15.126542704125361,8.30671904320269,3,1350.0,2.76890634773423,3.0,0,0,1,1,0,0
3584,2,1,1,1,0,0,1,0,0,0,15.126542704125361,8.184513753033722,3,1194.6666666666667,2.7281712510112404,3.0,0,0,1,0,1,0
3120,3,1,2,0,0,1,1,0,0,0,15.124654129947023,8.045908742270779,4,780.0,2.0114771855676947,2.0,0,0,1,0,1,0
5450,2,1,1,1,0,0,0,0,0,0,15.124654129947023,8.603554357064281,3,1816.6666666666667,2.8678514523547602,3.0,0,0,1,1,0,0
3630,2,1,1,1,0,1,0,0,0,0,15.11706396273788,8.197263371414335,3,1210.0,2.7324211238047784,3.0,0,0,1,1,0,0
3630,2,1,1,1,0,0,0,1,0,0,15.11706396273788,8.197263371414335,3,1210.0,2.7324211238047784,3.0,0,0,1,0,0,1
5640,2,1,1,0,0,0,0,0,0,0,15.11706396273788,8.637816633739977,3,1880.0,2.879272211246659,3.0,0,0,1,0,1,0
3600,2,1,1,1,0,0,0,0,0,0,15.11706396273788,8.188966863648876,3,1200.0,2.729655621216292,3.0,0,0,1,1,0,0
4280,2,1,1,1,0,0,0,1,2,0,15.10749451433816,8.361941906144946,3,1426.6666666666667,2.7873139687149817,3.0,0,0,0,0,1,0
3570,3,1,2,1,0,1,0,0,0,0,15.10749451433816,8.18060094759445,4,892.5,2.0451502368986123,2.0,0,0,1,0,1,0
3180,3,1,2,0,0,1,0,0,0,0,15.10749451433816,8.064950891749143,4,795.0,2.016237722937286,2.0,0,0,1,0,1,0
3000,2,1,2,1,0,0,0,1,0,0,15.10749451433816,8.006700845440367,3,1000.0,2.6689002818134555,1.5,0,0,1,1,0,0
3520,2,2,1,1,0,1,0,0,0,0,15.10749451433816,8.166500319155052,4,880.0,2.041625079788763,4.0,0,0,1,0,1,0
5960,3,1,2,1,1,1,0,0,0,0,15.10749451433816,8.692993531219926,4,1490.0,2.1732483828049816,2.0,0,0,1,0,0,1
4130,3,2,2,1,0,0,0,0,2,0,15.10749451433816,8.326274787396764,5,826.0,1.665254957479353,2.5,0,0,0,0,1,0
2850,3,2,2,0,0,1,0,0,0,1,15.10749451433816,7.955425088912672,5,570.0,1.5910850177825344,2.5,0,0,1,0,0,1
2275,3,1,3,1,0,0,1,1,0,1,15.10749451433816,7.730174795246222,4,568.75,1.9325436988115554,1.3333333333333333,0,0,1,0,1,0
3520,3,1,1,1,0,0,0,0,2,1,15.105569586457912,8.166500319155052,4,880.0,2.041625079788763,4.0,0,0,0,0,0,1
4500,2,1,1,1,0,0,0,0,0,0,15.09783260609366,8.412054873292933,3,1500.0,2.8040182910976443,3.0,0,0,1,0,1,0
4000,2,1,1,1,0,0,0,0,0,1,15.09783260609366,8.294299608857235,3,1333.3333333333333,2.764766536285745,3.0,0,0,1,0,1,0
3150,3,1,2,1,0,1,0,0,0,0,15.088076433867828,8.055475141757274,4,787.5,2.0138687854393185,2.0,0,0,1,1,0,0
4500,4,2,2,1,0,1,0,0,2,0,15.088076433867828,8.412054873292933,6,750.0,1.4020091455488222,3.0,0,0,0,1,0,0
4500,2,1,1,0,0,0,0,0,0,0,15.088076433867828,8.412054873292933,3,1500.0,2.8040182910976443,3.0,0,0,1,1,0,0
3640,2,1,1,1,0,0,0,0,0,0,15.088076433867828,8.200013648175434,3,1213.3333333333333,2.7333378827251447,3.0,0,0,1,0,0,1
3850,3,1,1,1,0,0,0,0,2,0,15.078224140198202,8.25608813381491,4,962.5,2.0640220334537274,4.0,0,0,0,0,0,1
4240,3,1,2,1,0,0,0,1,0,0,15.068273812173887,8.352554369474591,4,1060.0,2.0881385923686477,2.0,0,0,1,0,1,0
3650,3,1,2,1,0,0,0,0,0,0,15.068273812173887,8.202756381655638,4,912.5,2.0506890954139094,2.0,0,0,1,0,0,1
4600,4,1,2,1,0,0,0,0,0,0,15.068273812173887,8.434028950155469,5,920.0,1.6868057900310938,2.5,0,0,1,0,1,0
2135,3,2,2,0,0,0,0,0,0,0,15.068273812173887,7.666690200080086,5,427.0,1.5333380400160173,2.5,0,0,1,0,0,1
3036,3,1,2,1,0,1,0,0,0,0,15.068273812173887,8.01862546504575,4,759.0,2.0046563662614374,2.0,0,0,1,0,1,0
3990,3,1,2,1,0,0,0,0,0,0,15.068273812173887,8.291797105048733,4,997.5,2.0729492762621833,2.0,0,0,1,0,1,0
7424,3,1,1,0,0,0,0,0,0,0,15.068273812173887,8.9126079636709,4,1856.0,2.228151990917725,4.0,0,0,1,0,0,1
3480,3,1,1,0,0,0,0,1,0,0,15.068273812173887,8.15507488781144,4,870.0,2.03876872195286,4.0,0,0,1,0,0,1
3600,6,1,2,1,0,0,0,0,1,0,15.068273812173887,8.188966863648876,7,514.2857142857143,1.1698524090926965,3.5,0,0,0,0,0,1
3640,2,1,1,1,0,0,0,0,1,0,15.068273812173887,8.200013648175434,3,1213.3333333333333,2.7333378827251447,3.0,0,0,0,0,1,0
5900,2,1,1,1,0,0,0,0,1,0,15.068273812173887,8.682877107057168,3,1966.6666666666667,2.894292369019056,3.0,0,0,0,1,0,0
3120,3,1,2,1,0,0,0,0,1,0,15.068273812173887,8.045908742270779,4,780.0,2.0114771855676947,2.0,0,0,0,0,0,1
7350,2,1,1,1,0,0,0,0,1,0,15.068273812173887,8.902591637374087,3,2450.0,2.9675305457913623,3.0,0,0,0,0,1,0
3512,2,1,1,1,0,0,0,0,1,1,15.068273812173887,8.164225652265827,3,1170.6666666666667,2.721408550755276,3.0,0,0,0,0,0,1
9500,3,1,2,1,0,0,0,0,3,1,15.068273812173887,9.15915233520675,4,2375.0,2.2897880838016875,2.0,0,0,0,0,0,1
5880,2,1,1,1,0,0,0,0,0,0,15.068273812173887,8.679482094459956,3,1960.0,2.8931606981533187,3.0,0,0,1,0,0,1
12944,3,1,1,1,0,0,0,0,0,0,15.068273812173887,9.468464892185638,4,3236.0,2.3671162230464096,4.0,0,0,1,0,0,1
4900,3,1,2,0,0,0,0,0,0,0,15.066271810075788,8.497194544909547,4,1225.0,2.124298636227387,2.0,0,0,1,0,0,1
3060,3,1,1,1,0,0,0,0,0,0,15.058223479206388,8.026496938945412,4,765.0,2.006624234736353,4.0,0,0,1,0,0,1
5320,2,1,1,1,0,0,0,0,1,1,15.058223479206388,8.579416534596369,3,1773.3333333333333,2.859805511532123,3.0,0,0,0,0,0,1
2145,3,1,3,1,0,0,0,0,0,1,15.058223479206388,7.671360923190644,4,536.25,1.917840230797661,1.3333333333333333,0,0,1,1,0,0
4000,2,1,1,1,0,0,0,0,0,0,15.04807111068727,8.294299608857235,3,1333.3333333333333,2.764766536285745,3.0,0,0,1,0,0,1
3185,2,1,1,1,0,0,0,0,2,0,15.04807111068727,8.066521490469993,3,1061.6666666666667,2.6888404968233313,3.0,0,0,0,0,0,1
3850,3,1,1,1,0,0,0,0,0,0,15.04807111068727,8.25608813381491,4,962.5,2.0640220334537274,4.0,0,0,1,0,0,1
2145,3,1,3,1,0,0,0,0,0,1,15.04807111068727,7.671360923190644,4,536.25,1.917840230797661,1.3333333333333333,0,0,1,1,0,0
2610,3,1,2,1,0,1,0,0,0,1,15.04807111068727,7.8674885686991285,4,652.5,1.9668721421747821,2.0,0,0,1,0,0,1
1950,3,2,2,1,0,1,0,0,0,1,15.04807111068727,7.576097340623111,5,390.0,1.5152194681246223,2.5,0,0,1,0,0,1
4040,2,1,1,1,0,0,0,0,0,0,15.046028209653675,8.304247465078474,3,1346.6666666666667,2.7680824883594912,3.0,0,0,1,0,0,1
4785,3,1,2,1,1,1,0,1,1,0,15.0378146135257,8.47345026846832,4,1196.25,2.11836256711708,2.0,0,1,0,1,0,0
3450,3,1,1,1,0,1,0,0,2,0,15.0378146135257,8.146419323098003,4,862.5,2.036604830774501,4.0,0,0,0,0,0,1
3640,2,1,1,1,0,0,0,0,0,0,15.0378146135257,8.200013648175434,3,1213.3333333333333,2.7333378827251447,3.0,0,0,1,1,0,0
3500,4,1,2,1,0,0,0,1,2,0,15.027451829558391,8.160803920954665,5,700.0,1.632160784190933,2.5,0,0,0,0,0,1
4960,4,1,3,0,0,0,0,0,0,0,15.027451829558391,8.509362612301048,5,992.0,1.7018725224602096,1.6666666666666667,0,0,1,0,1,0
4120,2,1,2,1,0,0,0,0,0,0,15.027451829558391,8.323851131338817,3,1373.3333333333333,2.7746170437796054,1.5,0,0,1,0,0,1
4750,2,1,1,1,0,0,0,0,0,0,15.027451829558391,8.46611040118692,3,1583.3333333333333,2.82203680039564,3.0,0,0,1,0,0,1
3720,2,1,1,0,0,0,0,1,0,0,15.027451829558391,8.221747728346623,3,1240.0,2.740582576115541,3.0,0,0,1,0,0,1
3750,3,1,1,1,0,0,0,0,0,0,15.027451829558391,8.229777750081887,4,937.5,2.0574444375204717,4.0,0,0,1,0,0,1
3100,3,1,2,0,0,1,0,0,0,0,15.027451829558391,8.03947991910045,4,775.0,2.0098699797751123,2.0,0,0,1,0,1,0
3185,2,1,1,1,0,1,0,0,2,0,15.027451829558391,8.066521490469993,3,1061.6666666666667,2.6888404968233313,3.0,0,0,0,1,0,0
2700,3,1,1,0,0,0,0,0,0,0,15.025366323688703,7.901377353792616,4,675.0,1.975344338448154,4.0,0,0,1,1,0,0
2145,3,1,2,1,0,1,0,0,0,1,15.019083582388873,7.671360923190644,4,536.25,1.917840230797661,2.0,0,0,1,1,0,0
4040,2,1,1,1,0,0,0,0,1,0,15.016980532823926,8.304247465078474,3,1346.6666666666667,2.7680824883594912,3.0,0,0,0,0,0,1
4775,4,1,2,1,0,0,0,0,0,0,15.016980532823926,8.471358655072438,5,955.0,1.6942717310144875,2.5,0,0,1,0,0,1
2500,2,1,1,0,0,0,0,1,0,0,15.006398426692876,7.824445930877619,3,833.3333333333334,2.608148643625873,3.0,0,0,1,0,0,1
3180,4,1,2,1,0,1,0,1,0,0,15.006398426692876,8.064950891749143,5,636.0,1.6129901783498286,2.5,0,0,1,0,0,1
6060,3,1,1,1,1,1,0,0,0,0,15.006398426692876,8.709630081951286,4,1515.0,2.1774075204878214,4.0,0,0,1,1,0,0
3480,4,1,2,0,0,0,0,0,1,0,15.006398426692876,8.15507488781144,5,696.0,1.631014977562288,2.5,0,0,0,0,1,0
3792,4,1,2,1,0,0,0,0,0,0,15.006398426692876,8.2409125416889,5,758.4,1.64818250833778,2.5,0,0,1,0,1,0
4040,2,1,1,1,0,0,0,0,0,0,15.006398426692876,8.304247465078474,3,1346.6666666666667,2.7680824883594912,3.0,0,0,1,0,0,1
2145,3,1,2,1,0,1,0,0,0,1,15.006398426692876,7.671360923190644,4,536.25,1.917840230797661,2.0,0,0,1,1,0,0
5880,3,1,1,1,0,0,0,0,1,0,15.006398426692876,8.679482094459956,4,1470.0,2.169870523614989,4.0,0,0,0,0,0,1
4500,2,1,1,0,0,0,0,0,0,0,14.995703140844421,8.412054873292933,3,1500.0,2.8040182910976443,3.0,0,0,1,0,1,0
3930,2,1,1,0,0,0,0,0,0,0,14.995703140844421,8.27664912542186,3,1310.0,2.758883041807287,3.0,0,0,1,0,0,1
3640,4,1,2,1,0,1,0,0,0,0,14.989230628333736,8.200013648175434,5,728.0,1.6400027296350868,2.5,0,0,1,0,0,1
4370,3,1,2,1,0,0,0,0,0,0,14.984892228079548,8.382747094863314,4,1092.5,2.0956867737158285,2.0,0,0,1,0,0,1
2684,2,1,1,1,0,0,0,1,1,0,14.984892228079548,7.895436006942965,3,894.6666666666666,2.6318120023143217,3.0,0,0,0,0,0,1
4320,3,1,1,0,0,0,0,0,1,0,14.984892228079548,8.371242135931933,4,1080.0,2.0928105339829832,4.0,0,0,0,0,0,1
3120,3,1,2,0,0,0,0,0,0,0,14.984892228079548,8.045908742270779,4,780.0,2.0114771855676947,2.0,0,0,1,1,0,0
3450,1,1,1,1,0,0,0,0,0,0,14.962913328262083,8.146419323098003,2,1725.0,4.073209661549002,2.0,0,0,1,1,0,0
3986,2,2,1,0,1,1,0,0,1,0,14.962913328262083,8.290794347381356,4,996.5,2.072698586845339,4.0,0,0,0,0,0,1
3500,2,1,1,0,0,1,0,0,0,0,14.962913328262083,8.160803920954665,3,1166.6666666666667,2.720267973651555,3.0,0,0,1,0,1,0
4095,2,1,1,1,0,0,0,0,2,0,14.962913328262083,8.317766166719343,3,1365.0,2.772588722239781,3.0,0,0,0,0,1,0
1650,3,1,2,0,0,1,0,0,0,0,14.962913328262083,7.409136443920128,4,412.5,1.852284110980032,2.0,0,0,1,0,0,1
3450,3,1,2,1,0,1,0,0,0,0,14.962913328262083,8.146419323098003,4,862.5,2.036604830774501,2.0,0,0,1,0,1,0
6750,2,1,1,1,0,0,0,0,0,0,14.962913328262083,8.81744592104187,3,2250.0,2.9391486403472897,3.0,0,0,1,0,1,0
9000,3,1,2,1,0,0,0,0,2,0,14.962913328262083,9.105090961257085,4,2250.0,2.2762727403142713,2.0,0,0,0,0,1,0
3069,2,1,1,1,0,0,0,0,1,0,14.962913328262083,8.029432840581244,3,1023.0,2.6764776135270814,3.0,0,0,0,0,0,1
4500,3,1,2,1,0,0,0,1,0,0,14.96068863394701,8.412054873292933,4,1125.0,2.103013718323233,2.0,0,0,1,0,0,1
5495,3,1,1,1,0,1,0,0,0,0,14.956224342241892,8.611775833902186,4,1373.75,2.1529439584755465,4.0,0,0,1,0,0,1
2398,3,1,1,1,0,0,0,0,0,1,14.95297522272713,7.782807262839695,4,599.5,1.9457018157099237,4.0,0,0,1,0,1,0
3000,3,1,1,0,0,0,0,1,0,0,14.951740031230926,8.006700845440367,4,750.0,2.0016752113600917,4.0,0,0,1,0,0,1
3850,3,1,2,1,0,0,0,0,0,0,14.951740031230926,8.25608813381491,4,962.5,2.0640220334537274,2.0,0,0,1,0,0,1
3500,2,1,1,1,0,0,0,0,0,0,14.951740031230926,8.160803920954665,3,1166.6666666666667,2.720267973651555,3.0,0,0,1,0,0,1
8100,2,1,1,1,0,0,0,0,1,0,14.942710627423343,8.999742789830492,3,2700.0,2.9999142632768305,3.0,0,0,0,0,0,1
4960,2,1,1,1,0,1,0,1,0,0,14.940440479625028,8.509362612301048,3,1653.3333333333333,2.8364542041003493,3.0,0,0,1,0,0,1
2160,3,1,2,0,0,1,0,0,0,0,14.940440479625028,7.6783263565068856,4,540.0,1.9195815891267214,2.0,0,0,1,0,1,0
3090,2,1,1,1,1,1,0,0,0,0,14.940440479625028,8.036249942132116,3,1030.0,2.6787499807107054,3.0,0,0,1,0,0,1
4500,2,1,2,1,0,0,1,0,1,0,14.940440479625028,8.412054873292933,3,1500.0,2.8040182910976443,1.5,0,0,0,0,1,0
3800,2,1,1,1,0,0,0,0,0,0,14.929011787533305,8.24301946898925,3,1266.6666666666667,2.74767315632975,3.0,0,0,1,0,0,1
3090,3,1,2,0,0,0,0,0,0,0,14.917450968950916,8.036249942132116,4,772.5,2.009062485533029,2.0,0,0,1,0,1,0
3240,3,1,2,1,0,0,0,0,2,0,14.917450968950916,8.083637203141548,4,810.0,2.020909300785387,2.0,0,0,0,0,1,0
2835,2,1,1,1,0,0,0,0,0,0,14.917450968950916,7.950149887652018,3,945.0,2.6500499625506726,3.0,0,0,1,0,1,0
4600,2,1,1,1,0,0,0,0,0,0,14.917450968950916,8.434028950155469,3,1533.3333333333333,2.811342983385156,3.0,0,0,1,1,0,0
5076,3,1,1,0,0,0,0,0,0,0,14.917450968950916,8.532475814947395,4,1269.0,2.1331189537368487,4.0,0,0,1,0,0,1
3750,3,1,2,1,0,0,0,0,0,0,14.917450968950916,8.229777750081887,4,937.5,2.0574444375204717,2.0,0,0,1,0,0,1
3630,4,1,2,1,0,0,0,0,3,0,14.917450968950916,8.197263371414335,5,726.0,1.639452674282867,2.5,0,0,0,0,1,0
8050,2,1,1,1,0,0,0,0,0,0,14.915122679965744,8.993551586299981,3,2683.3333333333335,2.9978505287666604,3.0,0,0,1,0,0,1
4352,4,1,2,0,0,0,0,0,1,0,14.905754933096265,8.378620541552298,5,870.4,1.6757241083104595,2.5,0,0,0,0,0,1
3000,2,1,2,1,0,0,0,0,0,0,14.901037944807413,8.006700845440367,3,1000.0,2.6689002818134555,1.5,0,0,1,0,1,0
5850,3,1,2,1,0,1,0,0,1,0,14.89392047945086,8.674367865788236,4,1462.5,2.168591966447059,2.0,0,0,0,0,0,1
4960,2,1,1,1,0,0,0,0,0,0,14.89392047945086,8.509362612301048,3,1653.3333333333333,2.8364542041003493,3.0,0,0,1,0,0,1
3600,3,1,2,0,0,0,0,0,1,0,14.89392047945086,8.188966863648876,4,900.0,2.047241715912219,2.0,0,0,0,0,0,1
3660,4,1,2,0,0,0,0,0,0,0,14.89392047945086,8.205491613120236,5,732.0,1.6410983226240472,2.5,0,0,1,0,0,1
3480,3,1,2,0,0,0,0,0,1,0,14.89392047945086,8.15507488781144,4,870.0,2.03876872195286,2.0,0,0,0,0,1,0
2700,2,1,1,0,0,0,0,0,0,0,14.89392047945086,7.901377353792616,3,900.0,2.6337924512642052,3.0,0,0,1,1,0,0
3150,3,1,2,0,0,0,0,0,0,0,14.89392047945086,8.055475141757274,4,787.5,2.0138687854393185,2.0,0,0,1,0,0,1
6615,3,1,2,1,0,0,0,0,0,0,14.89392047945086,8.797246236703527,4,1653.75,2.199311559175882,2.0,0,0,1,0,1,0
3040,2,1,1,0,0,0,0,0,0,0,14.869822936167798,8.019941687677365,3,1013.3333333333334,2.673313895892455,3.0,0,0,1,0,0,1
3630,2,1,1,1,0,0,0,0,0,0,14.869822936167798,8.197263371414335,3,1210.0,2.7324211238047784,3.0,0,0,1,0,0,1
6000,2,1,1,1,0,0,0,0,0,0,14.869822936167798,8.699681400989514,3,2000.0,2.899893800329838,3.0,0,0,1,0,1,0
5400,4,1,2,1,0,0,0,0,0,0,14.869822936167798,8.594339400592892,5,1080.0,1.7188678801185784,2.5,0,0,1,0,0,1
5200,4,1,3,1,0,0,0,0,0,0,14.863706711287982,8.556606193773073,5,1040.0,1.7113212387546146,1.6666666666666667,0,0,1,0,0,1
3300,3,1,2,0,0,0,0,0,1,0,14.857552847877614,8.101980731853192,4,825.0,2.025495182963298,2.0,0,0,0,0,1,0
4350,3,1,2,0,0,0,1,0,1,0,14.857552847877614,8.37816098272068,4,1087.5,2.09454024568017,2.0,0,0,0,0,0,1
2640,2,1,1,0,0,0,0,0,1,0,14.857552847877614,7.878912912297133,3,880.0,2.6263043040990444,3.0,0,0,0,1,0,0
2650,3,1,2,1,0,1,0,0,1,0,14.845130332288226,7.8826922062890254,4,662.5,1.9706730515722564,2.0,0,0,0,0,0,1
3960,3,1,1,1,0,0,0,0,0,0,14.845130332288226,8.284251797621916,4,990.0,2.071062949405479,4.0,0,0,1,1,0,0
6800,2,1,1,1,0,0,0,0,0,0,14.819812533461441,8.824824939175638,3,2266.6666666666665,2.941608313058546,3.0,0,0,1,0,0,1
4000,3,1,2,1,0,0,0,0,1,0,14.819812533461441,8.294299608857235,4,1000.0,2.073574902214309,2.0,0,0,0,0,0,1
4000,2,1,1,1,0,0,0,0,0,0,14.80690913338268,8.294299608857235,3,1333.3333333333333,2.764766536285745,3.0,0,0,1,0,0,1
3934,2,1,1,1,0,0,0,0,0,0,14.793837056697662,8.277666160851503,3,1311.3333333333333,2.7592220536171674,3.0,0,0,1,0,0,1
2000,2,1,2,1,0,0,0,0,0,0,14.793837056697662,7.601402334583733,3,666.6666666666666,2.533800778194578,1.5,0,0,1,0,1,0
3630,3,3,2,0,1,0,0,0,0,0,14.793837056697662,8.197263371414335,6,605.0,1.3662105619023892,3.0,0,0,1,0,0,1
2800,3,1,1,1,0,0,0,0,0,0,14.793837056697662,7.937731775260109,4,700.0,1.9844329438150272,4.0,0,0,1,0,0,1
2430,3,1,1,0,0,0,0,0,0,0,14.793837056697662,7.796057974316123,4,607.5,1.9490144935790308,4.0,0,0,1,0,0,1
3480,2,1,1,1,0,0,0,0,1,0,14.793837056697662,8.15507488781144,3,1160.0,2.7183582959371466,3.0,0,0,0,0,1,0
4000,3,1,1,1,0,0,0,0,0,0,14.793837056697662,8.294299608857235,4,1000.0,2.073574902214309,4.0,0,0,1,0,1,0
3185,2,1,1,1,0,0,0,1,0,0,14.791202010051581,8.066521490469993,3,1061.6666666666667,2.6888404968233313,3.0,0,0,1,0,0,1
4000,3,1,2,1,0,0,0,1,0,0,14.791202010051581,8.294299608857235,4,1000.0,2.073574902214309,2.0,0,0,1,0,0,1
2910,2,1,1,0,0,0,0,0,0,0,14.7725596663351,7.976251943745623,3,970.0,2.6587506479152077,3.0,0,0,1,0,0,1
3600,2,1,1,1,0,0,0,0,0,0,14.767168819776032,8.188966863648876,3,1200.0,2.729655621216292,3.0,0,0,1,0,0,1
4400,2,1,1,1,0,0,0,0,0,0,14.767168819776032,8.38958706681109,3,1466.6666666666667,2.7965290222703634,3.0,0,0,1,0,0,1
3600,2,2,2,1,0,1,0,0,1,0,14.767168819776032,8.188966863648876,4,900.0,2.047241715912219,2.0,0,0,0,1,0,0
2880,3,1,1,0,0,0,0,0,0,0,14.739769856312924,7.9658927350845286,4,720.0,1.9914731837711321,4.0,0,0,1,0,0,1
3180,3,1,1,0,0,0,0,0,0,0,14.739769856312924,8.064950891749143,4,795.0,2.016237722937286,4.0,0,0,1,0,0,1
3000,2,1,2,1,0,0,0,0,0,0,14.739769856312924,8.006700845440367,3,1000.0,2.6689002818134555,1.5,0,0,1,1,0,0
4400,3,1,2,1,0,0,0,0,0,0,14.725783619927272,8.38958706681109,4,1100.0,2.0973967667027726,2.0,0,0,1,0,0,1
3000,3,1,2,0,0,0,0,0,0,0,14.725783619927272,8.006700845440367,4,750.0,2.0016752113600917,2.0,0,0,1,0,1,0
3210,3,1,2,1,0,1,0,0,0,0,14.711598990684092,8.074337694089515,4,802.5,2.0185844235223787,2.0,0,0,1,0,0,1
3240,2,1,1,0,1,0,0,0,1,0,14.711598990684092,8.083637203141548,3,1080.0,2.6945457343805157,3.0,0,0,0,0,0,1
3000,2,1,1,1,0,0,0,0,1,0,14.711598990684092,8.006700845440367,3,1000.0,2.6689002818134555,3.0,0,0,0,0,0,1
3500,2,1,1,1,1,0,0,0,0,0,14.711598990684092,8.160803920954665,3,1166.6666666666667,2.720267973651555,3.0,0,0,1,0,0,1
4840,2,1,2,1,0,0,0,0,0,0,14.711598990684092,8.484876589939695,3,1613.3333333333333,2.828292196646565,1.5,0,0,1,0,0,1
7700,2,1,1,1,0,0,0,0,0,0,14.711598990684092,8.94910546953925,3,2566.6666666666665,2.983035156513083,3.0,0,0,1,0,0,1
3635,2,1,1,0,0,0,0,0,0,0,14.694307500693155,8.19863945529737,3,1211.6666666666667,2.7328798184324565,3.0,0,0,1,0,0,1
2475,3,1,2,1,0,0,0,0,0,0,14.682611465815636,7.814399633804487,4,618.75,1.9535999084511217,2.0,0,0,1,1,0,0
2787,4,2,2,1,0,0,0,0,0,0,14.682611465815636,7.933079771880415,6,464.5,1.3221799619800692,3.0,0,0,1,1,0,0
3264,2,1,1,1,0,0,0,0,0,0,14.682611465815636,8.09101504171053,3,1088.0,2.69700501390351,3.0,0,0,1,0,0,1
3640,2,1,1,1,0,0,0,0,0,0,14.667796386301658,8.200013648175434,3,1213.3333333333333,2.7333378827251447,3.0,0,0,1,0,0,1
3180,2,1,1,1,0,0,0,0,0,0,14.652758515398315,8.064950891749143,3,1060.0,2.6883169639163813,3.0,0,0,1,0,0,1
1836,2,1,1,0,0,1,0,0,0,0,14.637491049927531,7.515889085215125,3,612.0,2.505296361738375,3.0,0,0,1,0,1,0
3970,1,1,1,0,0,0,0,0,0,0,14.637491049927531,8.286773231131251,2,1985.0,4.143386615565626,2.0,0,0,1,0,0,1
3970,3,1,2,1,0,1,0,0,0,0,14.637491049927531,8.286773231131251,4,992.5,2.071693307782813,2.0,0,0,1,0,0,1
1950,3,1,1,0,0,0,1,0,0,0,14.621986870259695,7.576097340623111,4,487.5,1.8940243351557777,4.0,0,0,1,0,0,1
5300,3,1,1,0,0,0,0,1,0,1,14.618856978650228,8.575650760987806,4,1325.0,2.1439126902469514,4.0,0,0,1,0,0,1
3000,2,1,1,0,0,0,0,0,0,0,14.573977673028827,8.006700845440367,3,1000.0,2.6689002818134555,3.0,0,0,1,0,0,1
2400,3,1,2,1,0,0,0,0,0,0,14.557448378884015,7.783640596221253,4,600.0,1.9459101490553132,2.0,0,0,1,0,0,1
3000,4,1,2,1,0,0,0,0,0,0,14.557448378884015,8.006700845440367,5,600.0,1.6013401690880733,2.5,0,0,1,0,0,1
3360,2,1,1,1,0,0,0,0,1,0,14.557448378884015,8.119993827725105,3,1120.0,2.706664609241702,3.0,0,0,0,0,0,1
3420,5,1,2,0,0,0,0,0,0,0,14.488455541410652,8.137688184977605,6,570.0,1.3562813641629343,3.0,0,0,1,0,0,1
1700,3,1,2,1,0,0,0,0,0,0,14.452087916136215,7.438971592395862,4,425.0,1.8597428980989654,2.0,0,0,1,0,0,1
3649,2,1,1,1,0,0,0,0,0,0,14.452087916136215,8.202482446576537,3,1216.3333333333333,2.7341608155255126,3.0,0,0,1,0,0,1
2990,2,1,1,0,0,0,0,0,1,0,14.433395793107085,8.003363058629947,3,996.6666666666666,2.6677876862099823,3.0,0,0,0,0,0,1
3000,2,1,1,1,0,1,0,0,2,0,14.414347608503377,8.006700845440367,3,1000.0,2.6689002818134555,3.0,0,0,0,0,0,1
2400,3,1,1,0,0,0,0,0,0,0,14.384879203225134,7.783640596221253,4,600.0,1.9459101490553132,4.0,0,0,1,0,1,0
3620,2,1,1,1,0,0,0,0,0,0,14.375126917328105,8.19450550976564,3,1206.6666666666667,2.731501836588547,3.0,0,0,1,0,0,1
2910,3,1,1,0,0,0,0,0,0,0,14.375126917328105,7.976251943745623,4,727.5,1.9940629859364059,4.0,0,0,1,1,0,0
3850,3,1,2,1,0,0,0,0,0,0,14.375126917328105,8.25608813381491,4,962.5,2.0640220334537274,2.0,0,0,1,0,0,1
